id;github_link
129098389;https://github.com/Morglod/project-watcher
129096613;https://github.com/foryouitsolutions/analyst_backend
129093679;https://github.com/bojand/fastify-greeter
129080151;https://github.com/zhipenglin/xiaodao-server
129077532;https://github.com/BaogoHi/live_bd
129065799;https://github.com/ipfs/js-ipfs-mfs
129060695;https://github.com/thipokKub/ani-chat-front
129060387;https://github.com/tableflip/ipfs-peer-bw-example
129048304;https://github.com/ietuday/skill-sharing
129047349;https://github.com/GuoYongfeng/appcenter
129037597;https://github.com/gigiyy/robot
129023096;https://github.com/tristancalderbank/excelcards
129022059;https://github.com/shuosc/MirrorConfigGenerator
129010634;https://github.com/thesourorange/electron-kanban
129002635;https://github.com/ivosequeros/Cryptounicorn
129002483;https://github.com/meganpecho/JAMM
129000315;https://github.com/Whatshiywl/nodeLab
128996478;https://github.com/rhoppel/lodge-nodered-nodemcu
128980313;https://github.com/MarkedApp/keystoneRepo
128976369;https://github.com/pwang2/hapi-starter
128968722;https://github.com/dkt201474/eReviews
128967084;https://github.com/rickymm3/explorer-dash
128951471;https://github.com/OneviewCommerce/ovc-mongoose-auto-increment
128949441;https://github.com/carvalhoviniciusluiz/restify-devise
128944516;https://github.com/Geono/tastewith
128942640;https://github.com/mshanken/summerinaglass
128937911;https://github.com/olgamorello/olga
128916982;https://github.com/i18next/i18next-translation-parser
128914108;https://github.com/bbookk/alw_backend
128907447;https://github.com/kakeyatomo/phase3
128906053;https://github.com/SatishBanda/pip-client
128903817;https://github.com/tvolodimir/electron-angular-starter-project
128886265;https://github.com/Thorinjs/Thorin-store-gcloud
128884585;https://github.com/wang-jiyu/nniu2.0.2
128883888;https://github.com/ccxzz/kedouart-egg
128879253;https://github.com/seeatend/boutiq
128874093;https://github.com/moequraishi/online-check-in-app
128864849;https://github.com/BarneyZhao/SearchPicture
128859704;https://github.com/bobstrecansky/bobstrecansky.github.io
128829367;https://github.com/thireven/reass_review1
128817264;https://github.com/lab360-ch/verdaccio-gitlab-ci
128815905;https://github.com/iakshayy1/SimpleSiamApp