id;name;vulnerableVersionRange;severity;date
1;@risingstack/protect;<= 1.2.0;3;2018-04-25T14:30:43Z
2;parsejson;<= 0.0.3;3;2018-07-24T20:11:13Z
3;goserv;<= 1.0.0;3;2018-07-23T20:49:03Z
6;html-janitor;<= 2.0.2;3;2018-07-24T20:06:17Z
7;sqliter;<= 1.0.2;2;2018-07-23T20:50:04Z
8;safer-eval;<= 1.3.6;4;2019-12-11T02:01:44Z
9;localhost-now;<= 1.0.2;3;2019-03-25T16:17:05Z
10;html-pages;<= 2.1.3;3;2019-02-07T18:14:44Z
11;buttle;<= 0.2.0;3;2018-09-18T13:47:57Z
12;memjs;<= 1.2.0;2;2018-10-10T17:25:12Z
13;static-resource-server;<= 1.7.2;3;2019-02-07T18:18:04Z
14;materialize-css;<= 1.0.0;2;2019-04-09T19:44:40Z
15;materialize-css;<= 1.0.0;2;2019-04-09T19:44:38Z
17;markdown-it-toc-and-anchor;< 4.2.0;2;2020-09-01T21:26:50Z
18;jingo;< 1.9.2;3;2020-09-01T21:25:46Z
19;md-data-table;>= 0.0.0;3;2020-09-01T21:24:41Z
20;buefy;< 0.7.2;3;2020-09-01T21:23:38Z
21;knightjs;<= 0.0.1;3;2018-11-06T23:11:10Z
22;tianma-static;<= 1.0.4;4;2018-11-06T23:12:01Z
23;takeapeek;<= 0.2.2;3;2018-11-06T23:12:30Z
24;text-qrcode;>= 0.0.0;3;2020-09-01T21:22:35Z
26;samsung-remote;< 1.3.5;4;2020-09-01T21:20:28Z
27;ascii-art;<= 1.4.2;1;2020-09-01T21:19:23Z
28;browserify-hmr;< 0.4.0;3;2020-09-01T21:18:20Z
29;express-cart;<= 1.1.7;3;2020-09-01T21:17:16Z
30;merge-objects;>= 0.0.0;1;2020-09-01T21:16:13Z
31;merge-recursive;<= 0.0.3;1;2018-09-18T13:46:06Z
32;cryo;<= 0.0.6;3;2018-08-21T17:02:43Z
33;foever;>= 0;4;2020-09-01T21:15:09Z
34;soket.js;>= 0;4;2020-09-01T21:14:05Z
35;soket.io;>= 0;4;2020-09-01T21:13:01Z
36;regenraotr;>= 0;4;2020-09-01T21:11:57Z
37;regenrator;>= 0;4;2020-09-01T21:10:53Z
38;axois;>= 0;4;2020-09-01T21:09:48Z
39;njwt;< 1.0.0;1;2020-09-01T21:08:44Z
40;boogeyman;>= 0.0.0;4;2020-09-01T21:07:41Z
41;express-cart;<= 1.1.5;3;2020-09-01T21:06:38Z
44;sexstatic;<= 0.6.2;2;2018-10-01T16:30:38Z
45;pdf-image;< 2.0.0;2;2020-09-01T20:44:52Z
46;react-marked-markdown;>= 0.0.0;3;2020-09-01T20:43:48Z
47;buttle;<= 0.2.0;3;2019-04-08T15:18:38Z
48;query-mysql;<= 0.0.2;3;2018-09-10T15:20:30Z
49;html-pages;<= 2.1.2;3;2018-09-18T13:45:07Z
50;base64url;< 3.0.0;2;2020-09-01T20:42:44Z
51;ladder-text-js;>= 0;4;2020-09-01T20:41:40Z
52;nothing-js;>= 0;4;2020-09-01T20:40:36Z
53;getcookies;>= 0;4;2020-09-01T20:39:33Z
54;mcstatic;<= 0.0.20;3;2018-07-27T17:04:16Z
83;glance;<= 3.0.5;1;2018-09-27T11:37:19Z
84;metascraper;<= 3.11.8;3;2018-08-08T22:25:57Z
85;openwhisk;< 3.3.1;2;2020-09-01T19:40:41Z
86;mongoose;>= 4.0.0, <= 4.3.5;2;2020-09-01T19:39:37Z
87;mongoose;>= 3.5.5, <= 3.8.38;2;2020-09-01T19:39:37Z
88;serve;< 6.5.2;3;2020-09-01T19:38:33Z
89;general-file-server;<= 1.1.8;3;2018-07-26T15:21:04Z
90;mrk.js;< 2.0.1;3;2020-09-01T19:37:29Z
91;626;>= 0.0.0;3;2020-09-01T19:06:15Z
92;redis-commander;>= 0.0.0;1;2020-09-01T19:05:11Z
93;augustine;<= 0.2.3;3;2018-09-18T13:50:25Z
94;@vivaxy/here;<= 3.2.1;3;2020-09-01T19:04:07Z
95;featurebook;>= 0;2;2020-09-01T19:03:02Z
96;hooka-tools;>= 0.0.0;1;2020-09-01T19:01:58Z
97;discordi.js;<= 14.0.3;2;2018-08-06T21:43:03Z
101;slug;<= 0.9.1;2;2018-07-24T20:06:45Z
102;string;<= 3.3.3;3;2018-07-24T20:16:11Z
103;timespan;<= 2.3.0;1;2018-08-29T23:04:14Z
104;cross-env.js;>= 0.0.0;2;2020-09-01T19:00:54Z
105;nodesass;>= 0.0.0;2;2020-09-01T18:59:50Z
106;smb;<= 1.0.2;2;2018-08-29T23:20:27Z
107;shadowsock;> 0;2;2018-08-27T19:07:23Z
108;mongose;> 0;2;2018-10-10T17:28:21Z
109;proxy.js;<= 1.0.2;2;2018-08-29T23:19:13Z
110;http-proxy.js;<= 1.0.2;2;2018-08-29T23:16:56Z
111;crossenv;<= 1.0.1;2;2018-08-29T23:05:46Z
112;noderequest;<= 1.0.2;2;2018-09-17T20:39:17Z
113;nodemailer.js;<= 1.0.2;2;2018-08-29T23:43:53Z
114;nodemailer-js;<= 1.0.2;2;2018-08-29T23:40:01Z
115;nodecaffe;< 1.0.2;2;2018-08-29T23:38:35Z
116;nodeffmpeg;<= 1.0.2;2;2018-08-29T23:36:48Z
117;ffmepg;<= 1.0.2;2;2018-08-29T23:56:30Z
118;node-opencv;<= 1.0.2;2;2018-08-29T23:50:59Z
119;openssl.js;<= 1.0.2;2;2018-08-29T23:45:41Z
120;node-openssl;<= 1.0.2;2;2018-10-10T17:28:14Z
121;node-opensl;> 0;2;2018-10-03T20:27:55Z
122;tkinter;< 1.0.2;2;2018-11-01T14:47:21Z
123;babelcli;<= 1.0.0;2;2018-08-29T23:57:14Z
124;d3.js;<= 1.0.2;2;2018-07-23T21:00:28Z
125;gruntcli;<= 1.0.2;2;2018-11-09T17:43:52Z
126;jquery.js;<= 1.0.2;2;2018-07-23T20:54:24Z
127;mariadb;<= 1.0.2;2;2018-07-18T18:28:17Z
128;mysqljs;>= 0.0.0;2;2020-09-01T18:58:47Z
129;node-sqlite;<= 1.0.2;2;2018-07-23T21:00:07Z
130;node-sqlite;> 0;2;2018-07-23T21:00:07Z
131;nodesqlite;<= 1.0.2;2;2018-07-23T20:50:21Z
132;sqlite.js;<= 1.0.2;2;2018-07-23T20:50:29Z
133;node-fabric;<= 1.0.2;2;2018-07-23T20:50:10Z
134;nodefabric;<= 1.0.2;2;2018-07-23T20:49:58Z
135;fabric-js;<= 1.0.2;2;2018-07-23T20:50:18Z
136;sqlserver;<= 1.0.2;2;2018-11-09T17:49:22Z
137;mssql.js;<= 1.0.2;2;2018-11-09T17:43:03Z
138;botbait;>= 0.0.0;1;2020-09-01T18:57:44Z
139;nodemssql;<= 1.0.2;2;2018-11-09T17:42:54Z
140;pandora-doomsday;>= 0.0.0;2;2020-09-01T18:56:40Z
141;npm-script-demo;>= 0;2;2020-09-01T18:55:37Z
142;mssql-node;<= 1.0.2;2;2018-11-09T17:43:44Z
143;exxxxxxxxxxx;<= 1.0.2;3;2018-07-23T22:06:14Z
144;unicorn-list;<= 1.0.4;3;2018-07-23T20:49:38Z
146;lab6.brit95;<= 0.1.1;3;2018-07-23T20:48:53Z
147;lab6drewfusbyu;<= 0.1.1;3;2018-07-23T20:48:38Z
148;http_static_simple;< 0.1.1;3;2018-07-23T22:08:39Z
149;infraserver;<= 0.0.1;3;2018-07-23T20:48:29Z
150;commentapp.stetsonwood;<= 0.0.1;3;2018-07-23T20:48:14Z
151;myserver.alexcthomas18;<= 0.0.1;3;2018-07-23T20:48:05Z
152;section2.madisonjbrooks12;>= 0.0.0;3;2020-09-01T18:54:34Z
153;whispercast;<= 0.1.0;3;2018-07-23T20:45:01Z
154;utahcityfinder;<= 0.0.1;3;2018-07-23T20:45:11Z
155;ewgaddis.lab6;<= 0.1.1;3;2018-07-23T20:44:52Z
156;jansenstuffpleasework;>= 0.0.0;3;2020-09-01T18:53:29Z
157;sspa;<= 0.1.0;3;2018-07-23T20:47:02Z
158;chatbyvista;>= 0.0.0;3;2020-09-01T18:52:26Z
159;intsol-package;<= 1.0.0;3;2018-07-23T20:44:45Z
160;dasafio;>= 0.0.0;2;2020-09-01T18:51:22Z
161;serverabc;<= 1.0.0;3;2018-07-23T20:44:34Z
162;wintiwebdev;>= 0.0.0;3;2020-09-01T18:50:16Z
163;serve46;>= 0.0.0;3;2020-09-01T18:49:11Z
164;iter-server;>= 0.0.0;3;2020-09-01T18:48:05Z
165;serverxxx;<= 1.0.0;3;2018-07-23T20:43:56Z
166;scott-blanch-weather-app;>= 0.0.0;3;2020-09-01T18:46:58Z
167;yjmyjmyjm;>= 0.0.0;3;2020-09-01T18:45:53Z
168;simple-npm-registry;<= 0.0.4;3;2018-07-23T20:49:28Z
169;uekw1511server;>= 0.0.0;3;2020-09-01T18:28:08Z
170;fbr-client;<= 1.0.3;3;2018-07-23T20:39:51Z
171;360class.jansenhm;>= 0.0.0;3;2020-09-01T18:27:04Z
172;open-device;<= 4.0.1;3;2018-07-23T20:41:11Z
173;mockserve;<= 2.0.6;3;2018-07-23T20:46:55Z
174;nodeaaaaa;<= 1.3.0;3;2018-07-23T20:39:32Z
175;dgard8.lab6;<= 0.0.1;3;2018-07-23T20:39:44Z
176;reecerver;<= 0.1.2;3;2018-07-23T20:40:40Z
177;sly07;<= 0.1.2;3;2018-07-23T20:40:34Z
178;cypserver;>= 0.0.0;3;2020-09-01T18:26:00Z
179;yttivy;>= 0.0.0;3;2020-09-01T18:24:56Z
180;dcdcdcdcdc;>= 0.0.0;3;2020-09-01T18:23:52Z
181;getcityapi.yoehoehne;<= 0.0.1;3;2018-07-23T20:40:29Z
182;mfrs;>= 0.0.0;3;2020-09-01T18:22:48Z
183;picard;<= 0.3.1;3;2018-07-23T20:40:20Z
184;pytservce;>= 0.0.0;3;2020-09-01T18:21:44Z
185;qinserve;>= 0.0.0;3;2020-09-01T18:20:40Z
186;quickserver;<= 1.1.0;3;2018-07-23T20:40:14Z
187;serverzyy;>= 0.0.0;3;2020-09-01T18:19:36Z
188;ritp;<= 1.0.5;2;2018-08-06T20:03:21Z
189;shit-server;>= 0.0.0;3;2020-09-01T18:18:32Z
190;susu-sum;>= 0.0.0;3;2020-09-01T18:17:28Z
191;uv-tj-demo;>= 0.0.0;3;2020-09-01T18:16:24Z
192;zjjserver;>= 0.0.0;3;2020-09-01T18:15:20Z
193;dmmcquay.lab6;>= 0.0.0;3;2020-09-01T18:14:15Z
194;enserver;>= 0.0.0;3;2020-09-01T18:13:11Z
195;jn_jj_server;<= 0.0.8;3;2018-07-23T20:40:07Z
196;lessindex;>= 0.0.0;3;2020-09-01T18:12:07Z
197;ltt;<= 1.1.0;3;2018-07-23T20:39:59Z
198;mfrserver;>= 0.0.0;3;2020-09-01T18:11:03Z
199;peiserver;>= 0.0.0;3;2020-09-01T18:09:59Z
200;sgqserve;>= 0.0.0;3;2020-09-01T18:08:55Z
201;wind-mvc;>= 0.0.0;3;2020-09-01T18:07:51Z
202;tencent-server;>= 0.0.0;3;2020-09-01T17:37:46Z
203;yzt;>= 0.0.0;3;2020-09-01T17:36:42Z
204;elding;<= 1.0.0;2;2018-08-06T21:30:15Z
205;hcbserver;>= 0.0.0;3;2020-09-01T17:35:38Z
206;liuyaserver;>= 0.0.0;3;2020-09-01T17:34:34Z
207;looppake;<= 3.0.0;3;2018-07-23T20:45:20Z
208;nodeload-nmickuli;>= 0.0.0;3;2020-09-01T17:33:30Z
209;wenluhong1;>= 0.0.0;3;2020-09-01T17:32:26Z
210;wffserve;>= 0.0.0;3;2020-09-01T17:31:22Z
211;yyooopack;>= 0.0.0;3;2020-09-01T17:30:17Z
212;calmquist.static-server;<= 0.1.1;3;2018-07-23T20:45:51Z
213;byucslabsix;<= 0.0.5;3;2018-07-23T20:45:42Z
214;desafio;<= 1.1.0;2;2018-08-06T21:40:02Z
215;dylmomo;>= 0.0.0;3;2020-09-01T17:29:13Z
216;11xiaoli;>= 0.0.0;3;2020-09-01T17:28:09Z
217;caolilinode;>= 0.0.0;3;2020-09-01T17:27:05Z
218;dcserver;>= 0.0.0;3;2020-09-01T17:26:00Z
219;datachannel-client;<= 1.0.2;3;2018-07-23T23:15:21Z
220;censorify.tanisjr;<= 0.1.4;3;2018-07-23T20:46:16Z
221;22lixian;<= 1.0.0;3;2018-07-23T20:46:07Z
222;shenliru;>= 0.0.0;3;2020-09-01T17:24:57Z
223;welcomyzt;>= 0.0.0;3;2020-09-01T17:23:53Z
224;liyujing;>= 0.0.0;3;2020-09-01T17:22:49Z
225;myprolyz;>= 0.0.0;3;2020-09-01T17:21:45Z
226;rtcmulticonnection-client;< 1.0.5;3;2018-07-23T22:48:49Z
227;hftp;<= 0.0.6;3;2018-07-24T15:50:28Z
228;node-server-forfront;<= 0.10.7;3;2018-07-23T23:33:42Z
229;fast-http-cli;<= 0.0.8;3;2018-07-23T20:46:25Z
230;cuciuci;>= 0.0.0;3;2020-09-01T17:20:41Z
231;earlybird;>= 0.0.0;3;2020-09-01T17:19:36Z
232;weather.swlyons;>= 0.0.0;3;2020-09-01T17:18:33Z
233;gaoxuyan;>= 0.0.0;3;2020-09-01T17:17:29Z
234;gaoxiaotingtingting;>= 0.0.0;3;2020-09-01T16:58:58Z
235;static-html-server;<= 0.1.2;3;2018-07-23T20:46:32Z
236;tmock;<= 0.0.7;3;2018-07-23T23:51:04Z
237;wangguojing123;>= 0.0.0;3;2020-09-01T16:57:54Z
238;easyquick;<= 0.1.1;2;2018-08-29T23:21:46Z
239;zwserver;>= 0.0.0;3;2020-09-01T16:56:50Z
240;citypredict.whauwiller;<= 1.0.0;3;2018-07-24T00:10:03Z
241;serverliujiayi1;>= 0.0.0;3;2020-09-01T16:55:45Z
242;serverhuwenhui;>= 0.0.0;3;2020-09-01T16:54:41Z
243;serverlyr;>= 0.0.0;3;2020-09-01T16:53:37Z
244;serverwg;>= 0.0.0;3;2020-09-01T16:52:33Z
245;serverwzl;>= 0.0.0;3;2020-09-01T16:51:28Z
246;serveryaozeyan;>= 0.0.0;3;2020-09-01T16:50:23Z
247;pidusage;<= 1.1.4;4;2020-09-01T16:49:19Z
248;serveryztyzt;>= 0.0.0;3;2020-09-01T16:48:14Z
249;gomeplus-h5-proxy;<= 1.0.15;3;2018-07-24T15:48:38Z
250;badjs-sourcemap-server;<= 0.1.11;3;2018-07-24T15:43:02Z
251;cyber-js;<= 1.0.7;3;2018-07-27T14:06:00Z
252;fsk-server;>= 0.0.0;3;2020-09-01T16:47:09Z
253;iter-http;<= 1.0.13;3;2018-07-24T13:58:10Z
254;tiny-http;>= 0.0.0;3;2020-09-01T16:46:04Z
255;sencisho;<= 0.3.3;3;2018-07-24T13:50:01Z
256;xtalk;>= 0.0.2;3;2020-09-01T16:44:59Z
257;windows-cpu;< 0.1.5;3;2020-09-01T16:43:55Z
258;safe-eval;<= 0.3.0;4;2018-07-18T18:28:10Z
259;hubl-server;<= 1.1.5;3;2018-07-24T15:40:47Z
260;yui;< 3.10.2;2;2020-09-01T16:42:51Z
261;jquery;>= 1.7.1, <= 1.8.3;3;2020-09-01T16:41:46Z
262;ag-grid;>= 0.0.0;2;2020-09-01T16:40:42Z
263;ua-parser;<= 0.3.5;3;2018-07-24T19:46:37Z
264;summit;>= 0.1.0;2;2020-09-01T16:39:38Z
265;node-serialize;<= 0.0.4;4;2018-07-18T18:27:56Z
266;sync-exec;<= 0.6.2;2;2018-11-09T17:45:30Z
268;fury-adapter-swagger;>= 0.2.0, < 0.9.7;4;2020-09-01T16:38:33Z
269;react-native-baidu-voice-synthesizer;<= 1.0.0;3;2018-07-31T22:47:16Z
270;pm2-kafka;>= 0.0.0;3;2020-09-01T16:16:33Z
271;haxeshim;<= 0.12.4;3;2018-07-31T22:27:04Z
272;mystem-fix;<= 0.0.5;3;2018-07-27T14:34:11Z
273;npm-test-sqlite3-trunk;>= 0.0.0;3;2020-09-01T16:15:28Z
274;openframe-ascii-image;<= 0.1.0;3;2019-02-18T23:41:54Z
275;windows-latestchromedriver;>= 0.0.0;3;2020-09-01T16:14:22Z
276;haxe3;> 0;3;2018-08-17T20:28:13Z
277;windows-seleniumjar;<= 2.48.2;3;2018-07-31T22:06:33Z
278;windows-iedriver;<= 2.48.0;3;2019-02-18T23:41:58Z
279;roslib-socketio;>= 0.0.0;3;2020-09-01T16:13:18Z
281;gfe-sass;>= 0.0.0;3;2020-09-01T16:12:12Z
282;pk-app-wonderbox;<= 1.0.0;3;2019-02-18T23:42:01Z
283;healthcenter;<= 3.0.3;3;2019-02-18T23:42:06Z
284;fis-sass-all;> 0;3;2018-08-17T20:20:46Z
285;windows-selenium-chromedriver;>= 0.0.0;3;2020-09-01T16:11:08Z
286;arcanist;<= 0.0.1;2;2019-02-18T23:42:09Z
287;adamvr-geoip-lite;>= 0.0.0;2;2020-09-01T16:10:03Z
289;windows-seleniumjar-mirror;<= 2.52.1;3;2019-02-18T23:44:29Z
290;cloudpub-redis;<= 2.4.5;3;2019-02-18T23:44:26Z
291;mystem-wrapper;<= 0.2.0;3;2019-02-18T23:44:28Z
292;ipip-coffee;<= 1.0.9;2;2019-02-18T23:44:24Z
293;serc.js;<= 0.0.1;3;2019-02-18T23:42:11Z
294;libsbmlsim;<= 0.0.2;3;2019-02-18T23:42:22Z
295;google-closure-tools-latest;<= 0.1.1;3;2019-02-18T23:42:14Z
296;rs-brightcove;<= 0.0.2;3;2019-02-18T23:42:16Z
297;libsbml;<= 0.0.2;3;2019-02-18T23:44:33Z
298;poco;<= 1.5.4;3;2019-02-18T23:54:44Z
299;soci;<= 3.2.2;3;2019-02-18T23:44:32Z
300;fis-parser-sass-bin;<= 1.0.1;3;2019-02-18T23:45:03Z
301;co-cli-installer;<= 0.0.2;3;2019-02-18T23:45:10Z
302;tomita;<= 0.0.1;3;2019-02-18T23:44:50Z
303;qbs;<= 1.4.3;3;2019-02-18T23:45:11Z
304;clang-extra;<= 0.1.1;3;2019-02-18T23:45:13Z
305;wixtoolset;<= 1.0.0;3;2019-02-18T23:44:45Z
306;native-opencv;<= 3.0.0;3;2019-02-18T23:45:07Z
307;phantomjs-cheniu;<= 2.0.1;3;2019-02-18T23:44:52Z
308;tomita-parser;<= 0.0.3;3;2019-02-18T23:54:41Z
309;mystem;<= 0.0.3;3;2019-02-18T23:44:39Z
310;selenium-portal;<= 0.0.1-2;3;2019-02-18T23:44:36Z
311;herbivore;<= 0.0.3;3;2019-02-18T23:44:36Z
312;xd-testing;<= 1.0.1;3;2019-02-18T23:45:21Z
313;sfml;<= 0.0.3;3;2019-02-18T23:45:18Z
314;grunt-images;> 0;3;2018-08-15T19:05:14Z
315;resourcehacker;> 0;3;2018-08-15T19:03:59Z
316;marionette-socket-host;> 0;3;2018-08-15T18:50:31Z
317;ntfserver;<= 0.0.6;3;2019-02-18T23:47:05Z
318;node-air-sdk;>= 0.0.0;3;2020-09-01T16:08:58Z
319;prebuild-lwip;<= 0.0.4;3;2019-02-18T23:45:25Z
320;frames-compiler;>= 0.0.0;3;2020-09-01T16:07:53Z
321;apk-parser3;< 0.1.3;3;2020-09-01T16:06:49Z
322;webdriver-launcher;<= 0.1.3;3;2019-02-18T23:47:03Z
323;jstestdriver;> 0;3;2018-08-15T19:27:25Z
324;slimerjs-edge;> 0;3;2018-08-15T19:25:47Z
325;grunt-ccompiler;<= 0.1.0;3;2019-02-18T23:47:11Z
326;redis-srvr;<= 2.8.17-beta.6;3;2019-02-18T23:47:07Z
327;haxe-dev;<= 3.2.1;3;2019-02-18T23:47:10Z
328;node-thulac;<= 2.1.3;3;2019-02-18T23:47:06Z
329;node-bsdiff-android;< 0.1.5;3;2018-09-18T13:49:54Z
330;cmake;> 0;3;2018-08-15T19:30:48Z
331;dwebp-bin;<= 0.1.6;3;2019-02-18T23:57:04Z
332;scalajs-standalone-bin;<= 0.4.3;3;2019-02-18T23:47:13Z
333;install-g-test;<= 2.0.12;3;2019-02-18T23:47:20Z
334;nw-with-arm;<= 0.14.0;3;2019-02-18T23:57:01Z
335;scala-bin;<= 0.3.3;3;2019-02-18T23:57:00Z
336;jvminstall;<= 0.1.0;3;2019-02-18T23:57:03Z
337;selenium-wrapper;<= 0.0.9;3;2019-02-18T23:47:21Z
338;apk-parser2;<= 0.1.1;3;2018-09-18T13:49:31Z
339;selenium-chromedriver;<= 0.0.2;3;2019-02-18T23:47:27Z
340;macaca-chromedriver-zxa;<= 0.1.9;3;2019-02-18T23:56:56Z
341;box2d-native;<= 0.0.8;3;2019-02-18T23:56:48Z
342;openframe-image;<= 0.2.0;3;2019-02-18T23:47:37Z
343;fibjs;<= 0.1.8;3;2019-02-18T23:56:54Z
344;atom-node-module-installer;<= 0.9.0;3;2019-02-18T23:56:53Z
345;curses;<= 0.0.10;3;2019-02-18T23:56:47Z
346;node-browser;<= 0.0.3;3;2019-02-18T23:56:50Z
347;pennyworth;<= 1.0.1;3;2019-02-18T23:56:51Z
348;bionode-sra;<= 1.0.3;3;2019-02-18T23:56:45Z
349;httpsync;<= 0.0.8;3;2019-02-18T23:47:40Z
350;dalek-browser-ie;<= 0.0.5;3;2019-02-18T23:50:04Z
351;openframe-glslviewer;<= 0.2.7;3;2019-02-18T23:33:42Z
352;grunt-webdriver-qunit;<= 0.2.6;3;2019-02-18T23:48:11Z
353;dalek-browser-ie-canary;<= 0.0.4-2014-04-04-12-11-49;3;2019-02-18T23:47:47Z
354;chromedriver126;<= 1.0.15;3;2019-02-18T23:33:30Z
355;robot-js;<= 2.0.0;3;2019-02-18T23:48:03Z
356;air-sdk;<= 16.0.0-272-9;3;2019-02-18T23:33:48Z
357;dalek-browser-chrome;<= 0.0.11;3;2019-02-18T23:50:14Z
358;jdf-sass;<= 1.0.18;3;2019-02-18T23:34:11Z
359;cobalt-cli;<= 2.2.3;3;2019-02-18T23:34:05Z
360;apk-parser;< 0.1.6;3;2020-09-01T16:05:44Z
361;imageoptim;<= 0.5.0;3;2019-02-18T23:50:33Z
362;arrayfire-js;<= 0.21.4;3;2019-02-18T23:50:32Z
363;webdrvr;<= 2.43.0-1;3;2019-02-18T23:33:54Z
364;cue-sdk-node;<= 1.2.1;3;2019-02-18T23:50:58Z
365;jser-stat;<= 4.0.3;2;2019-02-18T23:50:53Z
366;sauce-connect;<= 0.1.1;3;2019-02-18T23:34:00Z
367;ipip;< 3.0.0;3;2019-02-18T23:50:41Z
368;ibapi;<= 2.5.6;3;2019-02-18T23:34:17Z
369;dalek-browser-chrome-canary;<= 0.0.10-2014-03-24-17-36-27;3;2019-02-18T23:51:14Z
370;wasdk;<= 1.0.54;3;2019-02-18T23:34:44Z
371;libxl;<= 0.3.2;3;2019-02-18T23:34:48Z
372;selenium-binaries;<= 0.13.9;3;2019-02-18T23:34:37Z
373;webrtc-native;<= 1.4.0;3;2019-02-18T23:50:26Z
374;nodewebkit;<= 0.11.6;3;2019-02-18T23:51:27Z
375;closurecompiler;<= 1.6.1;3;2019-02-18T23:51:19Z
376;steroids;<= 4.1.27;3;2019-02-18T23:35:01Z
377;closure-util;<= 2.0.0-beta.1;3;2019-02-18T23:58:03Z
378;gitbook;< 3.2.2;1;2020-09-01T16:04:39Z
379;npm;< 1.3.3;1;2020-09-01T16:03:34Z
380;bitty;<= 0.2.10;2;2019-02-18T23:38:29Z
381;uws;>= 0.10.0, <= 0.10.8;3;2020-09-01T16:02:29Z
382;mqtt;<= 0.3.13;3;2020-09-01T16:01:24Z
383;pivottable;>= 1.4.0, < 2.0.0;3;2020-09-01T16:00:18Z
384;c3;<= 0.4.10;2;2020-09-01T15:59:11Z
385;swagger-ui;< 2.2.1;4;2020-09-01T15:58:06Z
386;node-krb5;>= 0.0.0;2;2020-09-01T15:57:01Z
387;fuelux;< 3.15.7;3;2020-09-01T15:55:56Z
388;swagger-ui;< 2.2.1;3;2020-09-01T15:36:27Z
389;jqtree;<= 1.3.3;3;2020-09-01T15:35:22Z
390;emojione;<= 1.3.0;3;2020-09-01T15:34:16Z
391;rendr;<= 1.1.3;3;2020-09-01T15:33:10Z
392;gmail-js;<= 0.6.4;3;2020-09-01T15:32:04Z
393;swagger-ui;<= 2.2.0;4;2020-09-01T15:30:58Z
394;bootstrap-tagsinput;<= 0.8.0;3;2020-09-01T15:29:51Z
395;swagger-ui;< 2.2.1;4;2020-09-01T15:28:45Z
396;sequelize;< 3.23.6;4;2020-09-01T15:27:40Z
397;igniteui;<= 0.0.5;1;2019-02-18T23:40:14Z
398;ezseed-transmission;>= 0.0.10, <= 0.0.14;2;2020-09-01T15:26:35Z
399;dojo;<= 1.0;2;2020-09-01T15:25:29Z
400;jsrender;<= 0.9.73;4;2020-09-01T15:24:24Z
401;jws;< 3.0.0;3;2020-09-01T15:23:18Z
402;bittorrent-dht;< 5.1.3;2;2020-09-01T15:22:12Z
403;mysql;<= 2.0.0-alpha7;2;2020-09-01T15:21:05Z
404;hapi;< 11.1.4;2;2020-09-01T15:20:00Z
405;gm;<= 1.20.0;4;2020-09-01T15:18:55Z
406;jshamcrest;<= 0.7.1;3;2019-02-18T23:38:51Z
407;jadedown;<= 0.0.3;1;2019-02-18T23:38:38Z
408;ansi2html;>= 0.0.0;3;2020-09-01T15:17:48Z
409;bleach;>= 0.0.0;2;2020-09-01T15:16:43Z
410;yar;< 2.2.0;3;2020-09-01T15:15:36Z
411;validator;< 3.22.1;3;2020-08-31T23:01:13Z
412;ungit;<= 0.8.4;4;2020-08-31T23:00:10Z
413;tomato;<= 0.0.5;4;2020-08-31T22:59:07Z
414;st;< 0.2.5;3;2020-08-31T22:58:04Z
415;serve-static;>= 1.7.0, < 1.7.2;1;2020-08-31T22:57:02Z
416;serve-static;< 1.6.5;1;2020-08-31T22:57:02Z
417;remarkable;< 1.4.1;3;2020-08-31T22:56:00Z
418;paypal-ipn;< 3.0.0;4;2020-08-31T22:54:56Z
419;nhouston;>= 0.0.0;2;2020-08-31T22:53:54Z
420;marked;<= 0.3.0;2;2020-08-31T22:52:52Z
421;libyaml;< 0.2.3;4;2020-08-31T22:51:50Z
422;libnotify;<= 1.0.3;3;2020-08-31T22:50:48Z
423;ldapauth-fork;< 2.3.3;3;2020-08-31T22:49:46Z
424;jquery-ujs;<= 1.0.3;2;2020-08-31T22:48:44Z
425;inert;< 1.1.1;2;2020-08-31T22:47:41Z
426;hubot-scripts;<= 2.4.3;4;2020-08-31T22:46:38Z
427;hapi;< 6.1.0;2;2020-08-31T22:45:35Z
428;fancy-server;< 0.1.4;3;2020-08-31T22:44:33Z
429;ep_imageconvert;<= 0.0.2;4;2020-08-31T22:43:31Z
430;datatables;< 1.10.10;3;2020-08-31T22:42:29Z
431;connect;<= 2.8.0;1;2020-08-31T22:41:27Z
432;dompurify;< 2.0.3;4;2020-08-28T21:25:11Z
433;@novnc/novnc;< 0.6.2;2;2020-08-28T21:24:59Z
434;hekto;< 0.2.4;1;2018-07-18T21:20:12Z
435;flood;< 3.0.0;4;2020-08-26T19:32:50Z
436;nodebb-plugin-blog-comments;< 0.7.0;2;2020-08-26T18:55:38Z
437;safe-eval;<= 0.4.1;4;2020-08-25T23:40:53Z
438;highcharts;>= 8.0.0, < 8.1.1;3;2020-08-25T14:04:47Z
439;highcharts;< 7.2.2;3;2020-08-25T14:04:47Z
440;keystone;< 4.0.0;3;2017-11-15T19:44:16Z
441;bcrypt;< 5.0.0;2;2020-08-20T14:38:49Z
442;is-my-json-valid;< 1.4.1;1;2017-10-24T18:33:35Z
443;is-my-json-valid;>= 2.0.0, < 2.17.2;1;2017-10-24T18:33:35Z
444;auth0-lock;<= 11.25.1;1;2020-08-19T21:05:03Z
445;ftp-srv;>= 1.0.0, <= 4.3.3;4;2020-08-17T21:44:54Z
446;dot-prop;>= 5.0.0, < 5.1.1;3;2020-07-29T20:56:59Z
447;dot-prop;< 4.2.1;3;2020-07-29T20:56:59Z
448;@uppy/companion;>= 2.0.0-alpha.0, <= 2.0.0-alpha.4;2;2020-08-13T18:54:19Z
449;@uppy/companion;< 1.13.2;2;2020-08-13T18:54:19Z
450;@progress/kendo-angular-editor;< 1.2.3;3;2020-08-11T19:40:10Z
451;tinymce;>= 5.0.0, < 5.4.1;2;2020-08-11T14:55:01Z
452;serialize-javascript;< 3.1.0;3;2020-08-11T17:21:13Z
453;tinymce;< 4.9.11;2;2020-08-11T14:55:01Z
454;prismjs;>= 1.1.0, < 1.21.0;3;2020-08-07T22:28:30Z
455;class-transformer;< 0.3.1;2;2020-04-07T15:47:40Z
456;angular;< 1.8.0;2;2020-08-05T21:47:02Z
457;polaris-website;< 1.1.1;2;2020-08-05T21:43:19Z
458;save-server;< 1.0.5;2;2020-08-04T14:54:08Z
459;fastify;< 2.15.1;2;2020-08-05T14:53:22Z
460;express-fileupload;< 1.1.9;3;2020-08-05T14:53:16Z
461;slp-validate;< 1.2.2;4;2020-07-30T14:58:53Z
462;slpjs;< 0.27.4;4;2020-07-30T14:58:42Z
463;elliptic;< 6.5.3;3;2020-07-29T20:40:35Z
464;rollup-plugin-server;<= 0.7.0;2;2020-07-29T18:07:35Z
465;rollup-plugin-server;<= 0.7.0;2;2020-07-29T18:07:11Z
466;auth0;< 2.27.1;3;2020-07-29T16:26:22Z
467;git-tags-remote;<= 1.0.2;4;2020-07-29T14:53:40Z
468;scratch-vm;<= 0.2.0-prerelease.20200709173451;3;2020-07-27T19:55:52Z
469;fast-http;<= 0.1.3;3;2020-07-27T16:02:57Z
470;jpeg-js;< 0.4.0;2;2020-07-27T15:46:57Z
471;sails-hook-sockets;< 1.5.5;2;2020-07-24T20:10:21Z
472;parse;< 2.10.0;2;2020-07-23T18:20:10Z
473;parse-server;>= 3.5.0, < 4.3.0;3;2020-07-22T23:06:47Z
474;codecov;< 3.7.1;2;2020-07-20T17:20:20Z
475;lodash;< 4.17.19;1;2020-07-15T19:15:48Z
476;standard-version;< 8.0.1;2;2020-07-13T21:34:59Z
477;@knight-lab/timelinejs;< 3.7.0;3;2020-07-09T18:28:07Z
478;socket.io-file;<= 2.0.31;3;2020-07-07T19:24:47Z
479;npm;< 6.14.6;1;2020-07-07T18:56:16Z
480;npm-registry-fetch;>= 5.0.0, < 8.1.1;1;2020-07-07T18:59:10Z
481;npm-registry-fetch;< 4.0.5;1;2020-07-07T18:59:10Z
482;electron;< 7.2.4;3;2020-07-07T00:01:07Z
483;electron;< 7.2.4;3;2020-07-07T00:01:10Z
484;electron;< 7.2.4;2;2020-07-07T00:01:13Z
485;electron;>= 8.0.0, < 8.2.4;1;2020-07-07T00:01:05Z
486;electron;>= 7.0.0, < 7.2.4;1;2020-07-07T00:01:05Z
487;electron;< 6.1.11;1;2020-07-07T00:01:05Z
488;electron;>= 8.0.0, < 8.2.4;3;2020-07-07T00:01:07Z
489;electron;>= 8.0.0, < 8.2.4;3;2020-07-07T00:01:10Z
490;electron;>= 8.0.0, < 8.2.4;2;2020-07-07T00:01:13Z
491;kind-of;>= 6.0.0, < 6.0.3;1;2020-03-31T15:59:54Z
492;express-jwt;<= 5.3.3;3;2020-06-30T16:05:24Z
493;jsrsasign;>= 4.0.0, < 8.0.13;2;2020-06-30T16:05:08Z
494;jsrsasign;>= 4.0.0, < 8.0.19;2;2020-06-26T16:54:15Z
495;generator-jhipster-kotlin;< 1.2.0;4;2020-06-26T16:48:13Z
496;jsrsasign;< 8.0.18;1;2020-06-26T16:27:08Z
497;jsrsasign;>= 3.0.0, < 8.0.16;1;2020-06-26T16:26:50Z
499;url-regex;<= 5.0.0;3;2020-06-22T14:39:03Z
500;angular;< 1.8.0;1;2020-06-18T14:19:58Z
501;mversion;< 2.0.0;3;2020-06-18T19:23:17Z
502;limdu;< 0.95;1;2020-06-22T15:24:06Z
503;npm;< 6.13.3;1;2019-12-13T15:39:19Z
504;dijit;>= 1.16.0, < 1.16.3;1;2020-06-15T21:53:12Z
505;dijit;>= 1.15.0, < 1.15.4;1;2020-06-15T21:53:12Z
506;dijit;>= 1.14.0, < 1.14.7;1;2020-06-15T21:53:12Z
507;dijit;>= 1.13.0, < 1.13.8;1;2020-06-15T21:53:12Z
508;dijit;>= 1.12.0, < 1.12.9;1;2020-06-15T21:53:12Z
509;dijit;< 1.11.11;1;2020-06-15T21:53:12Z
511;umount;<= 1.1.6;4;2020-06-10T20:28:03Z
512;npm-programmatic;<= 0.0.12;4;2020-04-23T20:09:09Z
513;ini-parser;<= 0.0.2;3;2020-06-10T20:27:53Z
514;schema-inspector;< 1.6.9;3;2020-06-10T20:02:47Z
515;graphql-playground-html;< 1.6.22;3;2020-06-09T00:24:57Z
516;apollo-server-micro;< 2.14.2;2;2020-06-05T19:38:14Z
517;apollo-server-lambda;< 2.14.2;2;2020-06-05T19:38:14Z
518;apollo-server-koa;< 2.14.2;2;2020-06-05T19:38:14Z
519;apollo-server-hapi;< 2.14.2;2;2020-06-05T19:38:14Z
520;apollo-server-fastify;< 2.14.2;2;2020-06-05T19:38:14Z
521;apollo-server-express;< 2.14.2;2;2020-06-05T19:38:14Z
522;apollo-server-cloudflare;< 2.14.2;2;2020-06-05T19:38:14Z
523;apollo-server-cloud-functions;< 2.14.2;2;2020-06-05T19:38:14Z
524;apollo-server-core;< 2.14.2;2;2020-06-05T19:38:14Z
525;apollo-server-cache-memcached;< 2.14.2;2;2020-06-05T19:38:14Z
526;apollo-server-azure-functions;< 2.14.2;2;2020-06-05T19:38:14Z
527;apollo-server;< 2.14.2;2;2020-06-05T19:38:14Z
528;logkitty;< 0.7.1;3;2020-06-05T14:47:02Z
529;websocket-extensions;< 0.1.4;2;2020-06-05T16:16:12Z
530;@nozbe/watermelondb;>= 0.16.0, < 0.16.2;2;2020-06-03T21:57:53Z
531;@nozbe/watermelondb;< 0.15.1;2;2020-06-03T21:57:53Z
532;snyk-broker;< 4.80.0;2;2020-06-03T22:02:24Z
533;snyk-broker;< 4.80.0;2;2020-06-03T22:02:21Z
534;snyk-broker;< 4.72.2;2;2020-06-03T22:02:19Z
535;snyk-broker;< 4.73.1;1;2020-06-03T22:02:16Z
536;snyk-broker;< 4.73.1;2;2020-06-03T22:02:14Z
537;snyk-broker;< 4.79.0;2;2020-06-03T22:02:11Z
538;dns-sync;< 0.2.0;3;2020-05-28T18:42:59Z
539;aegir;>= 21.7.0, < 21.10.1;4;2020-05-27T21:09:15Z
540;jquery;< 1.9.0;2;2020-05-20T16:18:01Z
541;curlrequest;<= 1.0.1;3;2020-05-13T16:29:43Z
542;slp-validate;< 1.2.1;4;2020-05-12T00:45:24Z
543;slpjs;< 0.27.2;4;2020-05-12T00:39:03Z
544;tinymce;>= 5.0.0, < 5.2.2;2;2020-05-11T20:00:15Z
545;tinymce;< 4.9.10;2;2020-05-11T20:00:15Z
546;hot-formula-parser;< 3.0.1;4;2020-05-06T19:32:33Z
547;qs;>= 6.3.0, < 6.3.2;3;2020-04-30T17:16:47Z
548;qs;>= 6.2.0, < 6.2.3;3;2020-04-30T17:16:47Z
549;qs;>= 6.1.0, < 6.1.2;3;2020-04-30T17:16:47Z
550;qs;< 6.0.4;3;2020-04-30T17:16:47Z
551;acorn;>= 5.5.0, < 5.7.4;2;2020-04-03T21:48:38Z
552;jquery;>= 1.2, < 3.5.0;2;2020-04-29T22:18:55Z
553;jquery;>= 1.0.3, < 3.5.0;2;2020-04-29T22:19:14Z
554;@actions/http-client;< 1.0.8;2;2020-04-29T17:58:53Z
555;lix;< 15.8.11;4;2020-04-16T03:14:59Z
556;node-uuid;< 1.4.4;1;2020-04-16T03:14:50Z
557;sanitize-html;< 1.4.3;2;2020-04-16T03:14:47Z
558;@fraction/oasis;< 2.15.0;2;2020-04-16T03:14:39Z
559;devcert-sanscache;< 0.4.7;3;2020-04-14T23:09:00Z
560;auth0-js;>= 8.0.0, < 9.13.2;3;2020-04-10T18:19:10Z
561;confinit;< 0.4.0;2;2020-04-07T15:52:05Z
562;minimist;< 0.2.1;2;2020-03-13T20:36:16Z
563;acorn;>= 7.0.0, < 7.1.1;2;2020-04-03T21:48:38Z
564;acorn;>= 6.0.0, < 6.4.1;2;2020-04-03T21:48:38Z
565;minimist;>= 1.0.0, < 1.2.3;1;2020-04-03T21:48:32Z
566;minimist;< 0.2.1;1;2020-04-03T21:48:32Z
567;seeftl;<= 0.1.1;3;2020-04-01T16:36:31Z
568;fileview;<= 0.1.6;3;2020-04-01T16:36:15Z
569;knockout;< 3.5.0;2;2020-04-01T15:47:45Z
570;ecstatic;<= 4.1.2;3;2020-04-01T16:35:08Z
571;http_server;<= 1.0.12;3;2020-03-31T17:02:26Z
572;statics-server;<= 0.0.9;2;2020-03-31T17:02:12Z
573;next;< 9.3.2;2;2020-03-30T20:40:50Z
574;@metamask/eth-ledger-bridge-keyring;< 0.2.2;3;2020-03-24T15:08:59Z
575;eth-ledger-bridge-keyring;< 0.2.1;3;2020-03-24T15:08:59Z
576;dojox;>= 1.16.0, < 1.16.2;1;2020-03-10T18:03:32Z
577;dojox;>= 1.15.0, < 1.15.3;1;2020-03-10T18:03:32Z
578;dojox;>= 1.14.0, < 1.14.6;1;2020-03-10T18:03:32Z
579;dojox;>= 1.13.0, < 1.13.7;1;2020-03-10T18:03:32Z
580;dojox;>= 1.12.0, < 1.12.8;1;2020-03-10T18:03:32Z
581;dojox;< 1.11.10;1;2020-03-10T18:03:32Z
582;dojo;>= 1.16.0, < 1.16.2;3;2020-03-10T18:03:14Z
583;dojo;>= 1.15.0, < 1.15.3;3;2020-03-10T18:03:14Z
584;dojo;>= 1.14.0, < 1.14.6;3;2020-03-10T18:03:14Z
585;dojo;>= 1.13.0, < 1.13.7;3;2020-03-10T18:03:14Z
586;dojo;>= 1.12.0, < 1.12.8;3;2020-03-10T18:03:14Z
587;dojo;< 1.11.10;3;2020-03-10T18:03:14Z
588;parse-server;< 4.1.0;3;2020-03-04T20:20:27Z
589;vp-toolkit;< 0.2.2;3;2020-03-06T01:15:46Z
590;vp-toolkit;< 0.2.2;3;2020-03-06T01:16:00Z
591;discord-markdown;< 2.3.1;3;2020-02-24T17:34:02Z
592;uap-core;< 0.7.3;3;2020-02-20T23:26:10Z
593;taffy;<= 2.6.2;3;2020-02-19T16:43:42Z
594;codecov;< 3.6.5;2;2020-02-19T17:29:39Z
596;dojox;>= 1.15.0, < 1.15.2;1;2020-02-13T22:21:06Z
597;dojox;>= 1.14.0, < 1.14.5;1;2020-02-13T22:21:06Z
598;dojox;>= 1.13.0, < 1.13.6;1;2020-02-13T22:21:06Z
599;dojox;>= 1.12.0, < 1.12.7;1;2020-02-13T22:21:06Z
600;dojox;< 1.11.9;1;2020-02-13T22:21:06Z
601;yarn;<= 1.21.1;2;2020-02-14T23:10:16Z
602;aws-lambda;<= 1.0.4;3;2020-02-14T23:09:45Z
603;git-diff-apply;<= 0.22.1;3;2020-02-14T23:09:24Z
604;angular;<= 1.4.14;3;2020-02-14T23:08:49Z
606;auth0-lock;< 11.21.0;2;2020-01-31T17:59:51Z
607;@ensdomains/ens;< 0.4.0;4;2020-01-30T23:55:04Z
608;tinymce;>= 5.0.0, < 5.1.4;3;2020-01-30T21:22:15Z
609;tinymce;< 4.9.7;3;2020-01-30T21:22:15Z
610;node-red;<= 0.20.7;2;2020-01-30T21:00:21Z
611;angular-expressions;< 1.0.1;3;2020-01-24T15:27:25Z
612;mongo-express;< 0.54.0;3;2019-12-30T19:30:31Z
613;cookie-signature;< 1.0.4;2;2020-01-06T18:44:10Z
614;handlebars;< 4.3.0;3;2019-12-26T17:58:13Z
615;lodahs;>= 0.0.1;4;2019-12-16T19:29:33Z
616;npm;< 6.13.4;1;2019-12-13T15:39:32Z
617;npm;< 6.13.3;1;2019-12-13T15:39:26Z
618;serialize-to-js;< 3.0.1;2;2019-12-06T23:20:26Z
619;serialize-javascript;< 2.1.1;2;2019-12-05T18:44:37Z
620;lodash;< 4.17.12;3;2019-07-10T19:45:23Z
621;jpv;< 2.1.1;2;2019-12-04T21:25:28Z
622;strapi;< 3.0.0-beta.17.5;3;2019-12-02T18:20:41Z
623;pomelo;< 2.2.7;2;2019-12-02T18:16:34Z
624;iobroker.web;< 2.4.10;3;2019-12-02T18:14:30Z
625;iobroker.js-controller;< 2.0.25;3;2019-12-02T18:06:14Z
626;pannellum;>= 2.5.0, < 2.5.5;2;2019-11-22T18:18:03Z
627;angular;< 1.7.9;2;2019-11-20T15:29:43Z
629;slpjs;< 0.21.4;4;2019-11-15T23:10:35Z
630;@cubejs-backend/api-gateway;>= 0.11.0, <= 0.11.16;3;2019-11-08T17:31:17Z
631;sequelize;< 3.35.1;3;2019-11-08T17:05:17Z
632;sequelize;>= 5.0.0, < 5.8.11;3;2019-11-06T17:11:10Z
633;sequelize;>= 4.0.0, < 4.44.3;3;2019-11-06T17:11:10Z
634;sequelize;< 3.35.1;3;2019-11-06T17:11:10Z
635;node-red-dashboard;< 2.17.0;2;2019-10-25T19:41:24Z
636;sequelize;>= 5.0.0, < 5.15.1;3;2019-10-25T19:43:16Z
637;sequelize;< 4.44.3;3;2019-10-25T19:43:16Z
638;renovate;< 19.38.7;2;2019-10-21T16:02:33Z
639;knex;< 0.19.5;3;2019-10-21T16:12:13Z
640;safer-eval;< 1.3.4;3;2019-10-21T21:58:34Z
641;realms-shim;< 1.2.1;4;2019-10-21T21:58:55Z
642;safer-eval;< 1.3.2;3;2019-10-17T18:27:30Z
643;csv-parse;< 4.4.6;3;2019-10-15T20:06:16Z
644;swagger-ui;< 3.23.11;3;2019-10-15T19:27:05Z
645;mongoose;< 5.7.5;2;2019-10-22T20:19:54Z
647;ses;< 0.6.3;4;2019-10-04T17:56:12Z
648;realms-shim;< 1.2.0;4;2019-10-04T17:56:12Z
649;centra;< 2.4.0;1;2019-09-30T19:31:59Z
650;html-pdf;<= 2.2.0;4;2019-10-11T18:40:38Z
651;generator-jhipster;< 6.3.1;3;2019-09-23T18:31:05Z
652;status-board;< 1.1.82;3;2019-09-23T18:32:42Z
653;status-board;< 1.1.82;3;2019-09-23T18:32:54Z
654;bower;< 1.8.8;3;2019-09-17T23:21:34Z
655;gitlabhook;<= 0.0.17;4;2019-09-16T22:24:02Z
656;generator-jhipster;< 6.3.0;4;2019-09-13T21:33:25Z
657;smartbanner.js;< 1.14.1;1;2019-09-13T13:22:33Z
658;seneca;< 3.9.0;1;2019-09-11T23:07:57Z
659;larvitbase-api;< 0.5.5;2;2019-09-11T23:03:57Z
660;statichttpserver;<= 0.9.7;4;2019-09-04T10:02:14Z
661;dojo;>= 1.10.0, < 1.10.10;2;2019-09-11T23:02:57Z
662;dojo;>= 1.11.0, < 1.11.6;2;2019-09-11T23:02:57Z
663;dojo;>= 1.12.0, < 1.12.4;2;2019-09-11T23:02:57Z
665;webtorrent;< 0.107.6;1;2019-09-04T10:02:50Z
666;deeply;< 3.1.0;3;2019-08-27T17:45:33Z
668;set-value;< 2.0.1;3;2019-08-27T17:43:33Z
670;mixin-deep;< 1.3.2;3;2019-08-27T17:42:33Z
671;selectize-plugin-a11y;< 1.1.0;3;2019-08-27T17:38:33Z
672;cyberchef;< 8.31.3;3;2019-08-27T17:36:32Z
673;eslint-utils;>= 1.2.0, < 1.4.1;4;2019-08-26T16:59:56Z
674;connect-pg-simple;< 6.0.1;1;2019-08-26T16:59:45Z
675;openpgp;<= 4.1.2;2;2019-08-23T21:42:18Z
676;openpgp;<= 4.1.2;3;2019-08-23T21:42:20Z
677;openpgp;< 4.3.0;3;2019-08-23T21:42:22Z
678;sequelize;>= 5.0.0, < 5.3.0;2;2019-04-11T16:33:17Z
682;assign-deep;< 0.4.8;3;2019-08-21T16:15:13Z
683;yarn;< 1.17.3;3;2019-07-31T04:22:15Z
684;min-http-server;<= 1.0.6;3;2019-07-31T04:22:27Z
685;http-file-server;<= 0.2.6;3;2019-07-31T04:22:36Z
686;lodash;< 4.17.11;2;2019-07-19T16:13:07Z
687;@nuxt/devalue;< 1.2.3;3;2019-07-16T00:42:02Z
688;http-file-server;< 0.2.6;3;2019-07-16T00:41:34Z
689;parse-server;< 3.6.0;1;2019-07-11T14:23:09Z
690;lodash.defaultsdeep;< 4.6.1;3;2019-07-10T19:45:23Z
691;lodash.mergewith;< 4.6.2;3;2019-07-10T19:45:23Z
692;lodash.merge;< 4.6.2;3;2019-07-10T19:45:23Z
693;lodash.template;< 4.5.0;3;2019-07-10T19:45:23Z
694;lodash-amd;< 4.17.13;3;2019-07-10T19:45:23Z
695;lodash-es;< 4.17.14;3;2019-07-10T19:45:23Z
696;saml2-js;< 2.0.2;2;2019-07-05T21:11:18Z
697;saml2-js;< 1.12.4;2;2019-07-05T21:11:18Z
698;serve-here;<= 3.2.0;3;2019-07-05T21:07:14Z
699;keycloak-connect;< 4.8.3;2;2019-06-13T20:38:09Z
700;parse-server;< 3.4.1;2;2019-06-13T16:22:13Z
701;harp;<= 0.29.0;2;2019-06-13T16:12:22Z
702;harp;<= 0.29.0;2;2019-06-13T16:12:26Z
703;remarkable;<= 1.7.1;3;2019-06-06T15:32:15Z
704;axios;<= 0.18.0;2;2019-05-29T18:04:45Z
705;gun;< 0.2019.416;3;2019-06-05T09:48:02Z
706;secure-compare;< 3.0.1;3;2019-06-03T17:28:23Z
707;fstream;< 1.0.12;3;2019-05-30T17:19:34Z
708;fs-git;< 1.0.2;3;2019-05-29T20:23:00Z
709;shave;< 2.5.3;3;2019-05-29T18:38:08Z
710;verdaccio;< 3.12.0;3;2019-05-29T18:02:59Z
711;tar;>= 3.0.0, < 4.4.2;3;2019-05-01T18:37:31Z
712;tar;< 2.2.2;3;2019-05-01T18:37:31Z
713;remarkable;<= 1.7.1;2;2019-05-29T18:04:55Z
714;simditor;< 2.3.22;3;2019-05-14T04:01:27Z
715;mqtt-packet;>= 6.0.0, < 6.1.2;3;2019-05-14T04:02:45Z
716;mqtt-packet;>= 5.0.0, < 5.6.1;3;2019-05-14T04:02:45Z
717;mqtt-packet;>= 4.0.0, < 4.1.3;3;2019-05-14T04:02:45Z
718;mqtt-packet;< 3.5.1;3;2019-05-14T04:02:45Z
719;tar-fs;< 1.16.2;3;2019-05-01T18:37:18Z
720;nodebb;< 0.8.2;2;2019-05-01T18:37:08Z
721;jquery;< 3.4.0;2;2019-04-26T16:29:11Z
722;jquery;< 3.4.0;2;2019-04-23T15:59:10Z
723;simple-markdown;< 0.4.4;3;2019-04-09T19:47:29Z
724;materialize-css;<= 1.0.0;1;2019-04-09T19:44:37Z
725;http-live-simulator;< 1.0.6;3;2019-04-08T15:18:40Z
726;total.js;<= 3.3.0-13;2;2019-04-02T15:46:52Z
727;morgan;< 1.9.1;2;2019-03-25T18:03:23Z
728;kill-port;< 1.3.2;3;2019-03-25T16:17:18Z
729;serve;< 7.1.3;3;2019-03-25T18:03:58Z
730;serve;< 7.1.3;3;2019-03-25T18:04:01Z
731;highcharts;< 6.1.0;1;2019-03-18T15:59:32Z
732;uap-core;< 0.6.0;2;2019-03-06T17:35:47Z
733;bootstrap-sass;>= 3.0.0, < 3.4.1;2;2019-02-22T20:54:27Z
734;bootstrap;>= 3.0.0, < 3.4.1;2;2019-02-22T20:54:27Z
735;bootstrap;>= 4.0.0, < 4.3.1;2;2019-02-22T20:54:27Z
737;total.js;< 3.2.3;3;2019-02-20T15:40:13Z
738;broccoli-closure;< 1.3.1;3;2019-02-18T23:57:05Z
739;headless-browser-lite;< 2015.4.18-a;3;2019-02-18T23:56:58Z
740;ws;< 1.0.1;1;2019-02-18T23:56:42Z
741;sequelize;< 3.17.0;3;2019-02-18T23:54:34Z
742;sequelize;<= 2.1.3;3;2019-02-18T23:54:32Z
743;waterline-sequel;< 0.5.1;3;2019-02-18T23:54:28Z
744;sequelize;<= 1.7.0-alpha2;2;2019-02-18T23:54:28Z
745;sequelize;<= 3.19.3;4;2019-02-18T23:54:24Z
746;aerospike;< 2.4.2;3;2019-02-18T23:54:22Z
747;galenframework-cli;< 2.3.1;3;2019-02-18T23:54:21Z
748;iedriver;< 3.0.0;3;2019-02-18T23:54:20Z
749;go-ipfs-dep;< 0.4.4;3;2019-02-18T23:54:18Z
750;install-nw;< 1.1.5;3;2019-02-18T23:54:09Z
751;geoip-lite-country;< 1.1.4;3;2019-02-18T23:54:03Z
752;pngcrush-installer;< 1.8.10;3;2019-02-18T23:52:27Z
753;bkjs-wand;< 0.3.2;3;2019-02-18T23:52:20Z
754;mongodb-instance;< 0.0.3;3;2019-02-18T23:52:14Z
755;ibm_db;< 1.0.2;3;2019-02-18T23:51:59Z
756;fuseki;< 1.0.1;3;2019-02-18T23:52:07Z
757;unicode;< 9.0.0;3;2019-02-18T23:51:52Z
758;macaca-chromedriver;< 1.0.29;3;2019-02-18T23:51:09Z
759;nw;< 0.23.6-1;3;2019-02-18T23:51:04Z
760;haxe;< 5.0.2;3;2019-02-18T23:50:21Z
761;unicode-json;< 2.0.0;3;2019-02-18T23:47:59Z
762;strider-sauce;<= 0.6.3;3;2019-02-18T23:47:53Z
763;nodeschnaps;< 1.0.3;3;2019-02-18T23:47:31Z
764;mystem3;<= 1.0.7;3;2019-02-18T23:47:26Z
765;js-given;< 0.0.18;3;2019-02-18T23:47:09Z
766;limbus-buildgen;< 0.1.1;3;2019-02-18T23:42:27Z
767;selenium-download;< 2.0.7;3;2019-02-18T23:40:25Z
768;appium-chromedriver;< 2.9.4;3;2019-02-18T23:40:19Z
769;sails;< 0.12.7;3;2019-02-18T23:40:10Z
770;call;>= 2.0.1, < 3.0.2;2;2019-02-18T23:40:04Z
771;ws;< 1.1.1;3;2019-02-18T23:58:35Z
772;shell-quote;< 1.6.1;4;2019-02-18T23:58:29Z
773;cli;< 1.0.0;1;2019-02-18T23:40:03Z
774;backbone;< 0.5.0;3;2019-02-18T23:39:55Z
775;engine.io-client;< 1.6.9;2;2019-02-18T23:39:50Z
776;csrf-lite;< 0.1.2;3;2019-02-18T23:39:44Z
777;electron-packager;>= 5.2.1, < 7.0.0;1;2019-02-18T23:58:24Z
778;console-io;< 2.3.0;4;2019-02-18T23:39:39Z
779;marked;< 0.3.6;3;2019-02-18T23:58:20Z
780;airbrake;< 0.4.0;2;2019-02-18T23:58:13Z
781;droppy;< 3.5.0;3;2019-02-18T23:39:32Z
782;restafary;< 1.6.1;2;2019-02-18T23:39:22Z
783;riot-compiler;< 2.3.22;2;2019-02-18T23:39:13Z
784;grunt-gh-pages;<= 0.9.1;2;2019-02-18T23:39:11Z
785;i18n-node-angular;< 1.4.0;3;2019-02-18T23:39:06Z
787;mqtt-packet;>= 4.0.0, < 4.0.5;3;2019-02-18T23:38:45Z
788;mqtt-packet;< 3.4.6;3;2019-02-18T23:38:45Z
789;operadriver;< 0.2.3;3;2019-02-18T23:35:48Z
790;product-monitor;< 2.2.5;3;2019-02-18T23:35:32Z
791;embedza;< 1.2.4;3;2019-02-18T23:35:23Z
792;baryton-saxophone;< 3.0.1;3;2019-02-18T23:35:18Z
793;kindlegen;< 1.1.0;3;2019-02-18T23:35:10Z
794;chromedriver;< 2.26.1;3;2019-02-18T23:58:05Z
795;prince;< 1.4.6;3;2019-02-18T23:34:24Z
796;Haraka;< 2.8.9;4;2019-02-12T17:26:10Z
797;cordova-plugin-ionic-webview;< 2.2.0;3;2019-02-12T15:36:35Z
798;rendertron;< 1.1.0;3;2019-02-12T15:36:39Z
799;http-live-simulator;< 1.0.7;3;2019-02-07T18:14:21Z
800;public;< 0.1.4;1;2019-02-07T18:14:37Z
801;mcstatic;<= 0.0.20;1;2019-02-07T18:15:44Z
802;express-cart;< 1.1.6;1;2019-02-07T18:16:03Z
803;m-server;< 1.4.2;2;2019-02-07T18:16:16Z
804;m-server;< 1.4.1;1;2019-02-18T23:58:00Z
805;defaults-deep;< 0.2.4;2;2019-02-07T18:16:38Z
806;lodash;< 4.17.11;3;2019-02-07T18:16:48Z
807;just-extend;< 4.0.0;2;2019-02-07T18:17:12Z
808;mpath;< 0.5.1;2;2019-02-07T18:17:26Z
810;node.extend;< 1.1.7;2;2019-02-07T18:17:34Z
811;extend;< 2.0.2;2;2019-02-07T18:03:28Z
812;extend;>= 3.0.0, < 3.0.2;2;2019-02-07T18:03:28Z
813;bootstrap;< 3.4.0;1;2019-01-17T13:57:56Z
814;bootstrap;< 3.4.0;1;2019-01-17T13:57:34Z
815;bootstrap;>= 3.0.0, < 3.4.0;1;2019-01-17T13:57:27Z
816;xterm;>= 3.10, < 3.10.1;1;2019-01-14T16:19:55Z
817;xterm;>= 3.9.0, < 3.9.2;1;2019-01-14T16:19:55Z
818;xterm;< 3.8.1;1;2019-01-14T16:19:55Z
819;rendertron;< 1.1.0;2;2019-01-07T19:14:21Z
820;react-dom;>= 16.4.0, < 16.4.2;1;2019-01-04T19:05:35Z
821;react-dom;>= 16.3.0, < 16.3.3;1;2019-01-04T19:05:35Z
823;react-dom;>= 16.1.0, < 16.1.2;1;2019-01-04T19:05:35Z
825;rendertron;< 1.1.0;3;2019-01-04T17:41:51Z
826;rendertron;< 1.1.0;3;2019-01-04T17:41:46Z
827;react-dev-utils;>= 5.0.0, < 5.0.2;3;2019-01-04T17:41:20Z
828;react-dev-utils;>= 4.0.0, < 4.2.2;3;2019-01-04T17:41:20Z
829;react-dev-utils;>= 3.0.0, < 3.1.2;3;2019-01-04T17:41:20Z
830;react-dev-utils;>= 2.0.0, < 2.0.2;3;2019-01-04T17:41:20Z
831;react-dev-utils;>= 1.0.0, < 1.0.4;3;2019-01-04T17:41:20Z
832;webpack-dev-server;< 3.1.11;3;2019-01-04T17:40:59Z
833;bootstrap;>= 4.0.0, < 4.1.2;2;2018-09-13T15:49:56Z
834;bootstrap;< 3.4.0;2;2018-09-13T15:49:56Z
835;jquery-file-upload;<= 4.0.2;2;2018-12-19T19:24:03Z
836;simplehttpserver;< 0.2.1;2;2018-12-06T15:49:10Z
837;hostr;<= 2.3.5;2;2018-11-09T17:44:20Z
838;shout;>= 0.44.0, <= 0.49.3;2;2018-11-07T00:28:11Z
839;socket.io;<= 0.9.6;2;2018-11-07T00:29:37Z
840;handlebars;< 4.0.0;3;2018-10-23T17:20:12Z
841;express-restify-mongoose;>= 3.0.0, <= 3.0.1;3;2018-10-23T17:14:57Z
842;jsonwebtoken;< 4.2.2;4;2018-10-09T00:38:30Z
843;superagent;< 3.7.0;1;2018-08-09T20:13:01Z
844;st;<= 1.2.1;2;2018-08-06T21:33:31Z
845;moment;< 2.11.2;2;2018-07-31T23:03:17Z
846;is-my-json-valid;<= 2.12.3;2;2018-07-31T22:54:14Z
847;hawk;>= 4.0.0, < 4.1.1;2;2018-07-31T22:52:00Z
848;alto-saxophone;< 2.25.1;3;2018-07-31T22:34:45Z
849;serve;<= 6.4.8;2;2018-07-27T17:07:50Z
850;dns-sync;< 0.1.1;4;2018-07-26T16:24:34Z
851;pouchdb;< 6.0.5;4;2018-07-26T16:22:08Z
852;hekto;< 0.2.3;3;2018-07-26T15:22:00Z
853;default-deep;< 0.2.4;1;2018-07-26T15:18:43Z
854;merge-deep;< 3.0.1;1;2018-07-26T15:17:15Z
855;lodash;< 4.17.5;1;2018-07-26T15:14:52Z
856;assign-deep;< 0.4.7;1;2018-07-26T15:12:31Z
857;mixin-deep;< 1.3.1;1;2018-07-26T15:10:54Z
858;simple-server;< 1.1.0;3;2018-07-26T15:08:05Z
859;anywhere;< 1.5.0;3;2018-07-26T15:08:05Z
860;glance;< 3.0.4;3;2018-07-26T14:53:14Z
861;node-srv;< 2.1.1;3;2018-07-26T14:50:41Z
862;localhost-now;< 1.0.2;3;2018-07-25T22:44:05Z
863;node-simple-router;<= 0.10.0;3;2018-07-24T19:42:39Z
864;ikst;< 1.1.2;3;2018-07-24T15:56:19Z
865;tinyserver2;<= 0.5.2;3;2018-07-24T15:01:34Z
866;list-n-stream;<= 0.0.10;3;2018-07-24T14:57:31Z
867;no-case;< 2.3.2;3;2018-07-24T19:51:16Z
868;marked;< 0.3.9;3;2018-07-24T20:10:52Z
869;nes;<= 6.4.0;3;2018-07-24T20:06:33Z
870;aegir;>= 12.0.0, <= 12.0.7;3;2018-07-24T20:04:11Z
871;uri-js;<= 2.1.1;3;2018-07-24T20:00:30Z
872;decamelize;>= 1.1.0, <= 1.1.1;3;2018-07-24T20:00:17Z
873;useragent;<= 2.1.12;3;2018-07-24T19:59:13Z
874;i18next;>= 2.0.0, < 3.4.4;2;2018-07-24T19:58:33Z
875;tough-cookie;< 2.3.3;3;2018-07-24T20:14:39Z
876;node-jose;< 0.9.3;3;2018-07-20T21:10:14Z
877;mime;>= 2.0.0, < 2.0.3;2;2018-07-20T16:20:52Z
878;fastify;<= 0.37.0;3;2018-07-18T21:20:34Z
879;public;<= 0.1.2;3;2018-07-18T21:20:30Z
880;resolve-path;< 1.4.0;3;2018-07-18T21:20:25Z
881;crud-file-server;<= 0.7.0;4;2018-07-18T18:34:27Z
882;dns-sync;< 0.1.1;4;2018-07-18T18:28:02Z
883;serialize-to-js;<= 0.5.0;4;2018-07-18T18:27:41Z
884;hapi;< 11.0.0;2;2018-06-07T19:43:25Z
885;keystone;< 0.3.16;1;2018-06-07T19:43:20Z
886;hapi;< 11.1.3;3;2018-06-07T19:43:15Z
887;ecstatic;< 1.4.0;3;2018-06-07T19:43:11Z
888;reduce-css-calc;< 1.2.5;4;2018-06-07T19:43:06Z
889;hoek;>= 5.0.0, < 5.0.3;2;2018-04-26T15:25:17Z
890;electron;>= 1.8.0, < 1.8.2-beta.4;4;2018-01-23T03:57:44Z
891;electron;>= 1.6.0, < 1.6.16;4;2018-01-23T03:57:44Z
892;electron;>= 1.7.0, < 1.7.11;4;2018-01-23T03:57:44Z
893;flatmap-stream;> 0;4;2018-11-26T23:58:21Z
894;ethereumjs-vm;<= 2.4.0;1;2018-11-21T22:22:46Z
895;simplemde;<= 1.11.2;2;2018-11-21T22:21:25Z
896;yapi-vendor;< 1.3.23;2;2018-11-21T22:19:59Z
897;ckeditor;< 4.11.0;2;2018-11-21T22:19:50Z
898;valine;<= 1.3.3;2;2018-11-21T22:19:41Z
899;windows-build-tools;< 1.0.0;3;2018-11-09T17:48:37Z
900;mapbox.js;>= 2.0.0, < 2.2.4;2;2018-11-09T17:48:34Z
901;mapbox.js;< 1.6.6;2;2018-11-09T17:48:34Z
902;http-signature;< 0.10.0;1;2018-11-09T17:49:34Z
903;i18next;<= 1.10.2;2;2018-11-09T17:46:56Z
904;html-janitor;< 2.0.3;3;2018-11-09T17:49:11Z
905;mapbox.js;>= 2.0.0, < 2.1.7;2;2018-11-09T17:47:45Z
906;mapbox.js;< 1.6.5;2;2018-11-09T17:47:45Z
907;remarkable;<= 1.6.2;3;2018-11-09T17:48:20Z
908;sanitize-html;< 1.2.3;2;2018-11-09T17:45:55Z
909;http-proxy;<= 0.6.6;2;2018-11-09T17:47:52Z
910;forms;< 1.3.0;2;2018-11-09T17:46:27Z
911;sanitize-html;<= 1.11.1;2;2018-11-09T17:47:23Z
912;restify;>= 2.0.0, <= 4.0.4;2;2018-11-09T17:45:38Z
913;request;>= 2.2.6, < 2.47.0;2;2018-11-09T17:44:01Z
914;request;>= 2.49.0, < 2.68.0;2;2018-11-09T17:44:01Z
916;cached-path-relative;< 1.0.2;3;2018-11-07T20:46:25Z
917;auth0-js;< 9.0.0;2;2018-11-06T23:15:13Z
918;nunjucks;< 2.4.3;2;2018-11-06T23:13:37Z
919;jwt-simple;< 0.3.1;4;2018-11-06T23:12:07Z
920;validator;< 2.0.0;3;2018-11-06T23:12:49Z
921;libnmap;< 0.4.16;2;2018-11-01T14:51:33Z
922;apex-publish-static-files;< 2.0.1;4;2018-11-01T14:48:50Z
923;node-tkinter;<= 1.0.2;2;2018-11-01T14:47:43Z
924;merge;< 1.2.1;1;2018-11-01T14:45:42Z
925;parcel-bundler;< 1.10.0;3;2018-10-30T20:36:53Z
926;express;>= 4.0.0, < 4.5.0;2;2018-10-23T17:22:54Z
927;express;< 3.11.0;2;2018-10-23T17:22:54Z
928;express-restify-mongoose;<= 2.4.2;3;2018-10-23T17:14:57Z
929;blueimp-file-upload;<= 9.22.0;3;2018-10-22T18:53:56Z
930;dojox;< 1.14;4;2018-10-15T22:03:48Z
931;next;>= 7.0.0, < 7.0.2;3;2018-10-15T21:43:12Z
932;tough-cookie;< 2.3.0;2;2018-10-10T18:57:02Z
933;public;< 0.1.4;3;2018-10-10T17:27:58Z
934;send;< 0.8.4;2;2018-10-09T00:34:30Z
935;qs;< 1.0.0;3;2018-10-09T00:44:29Z
936;qs;< 1.0.0;3;2018-10-09T00:38:48Z
937;minimatch;< 3.0.2;3;2018-10-09T00:40:41Z
938;negotiator;< 0.6.1;3;2018-10-09T00:30:30Z
939;uglify-js;< 2.4.24;3;2018-10-09T00:39:43Z
940;mustache;< 2.2.1;2;2018-10-09T00:38:09Z
941;hapi;>= 15.0.0, <= 16.1.0;2;2018-10-09T00:57:28Z
942;randomatic;< 3.0.0;1;2018-10-09T00:57:21Z
943;protobufjs;< 5.0.3;2;2018-10-09T00:27:15Z
944;protobufjs;>= 6.0.0, < 6.8.6;2;2018-10-09T00:27:15Z
945;atob;< 2.1.0;2;2018-10-09T00:56:26Z
946;deep-extend;< 0.5.1;1;2018-10-09T00:44:59Z
947;merge-options;< 1.0.1;1;2018-10-09T00:19:57Z
948;merge-object;<= 1.0.0;3;2018-09-18T13:47:24Z
949;bson;>= 0.5.0, < 1.0.5;3;2018-09-17T20:44:58Z
950;ps;< 1.0.0;2;2018-09-17T20:43:59Z
951;egg-scripts;< 2.8.1;1;2018-09-17T20:43:34Z
952;exceljs;< 1.6.0;2;2018-09-11T18:58:40Z
953;cryptiles;< 4.1.2;3;2018-09-11T18:22:50Z
954;msrcrypto;< 1.4.1;1;2018-09-10T15:19:49Z
955;macaddress;< 0.2.9;4;2018-09-06T23:24:21Z
956;simplehttpserver;< 0.2.1;2;2018-09-06T03:22:59Z
958;mosca;< 2.8.2;3;2018-08-31T06:22:50Z
959;opencv.js;<= 1.2.1;2;2018-08-29T23:47:07Z
960;electron;>= 2.0.0, < 2.0.8;4;2018-08-23T19:12:08Z
961;electron;>= 1.8.0, < 1.8.8;4;2018-08-23T19:12:08Z
962;electron;>= 1.7.0, < 1.7.16;4;2018-08-23T19:12:08Z
963;flintcms;< 1.1.10;4;2018-08-21T17:03:59Z
964;git-dummy-commit;<= 1.3.0;3;2018-08-21T17:03:33Z
965;aedes;< 0.35.1;2;2018-08-15T20:03:22Z
966;sshpk;< 1.13.2;3;2018-08-15T13:22:23Z
967;url-parse;< 1.4.3;3;2018-08-13T15:02:15Z
968;charset;< 1.0.1;2;2018-08-09T20:55:46Z
969;debug;>= 3.0.0, < 3.1.0;1;2018-08-09T20:18:07Z
970;debug;< 2.6.9;1;2018-08-09T20:18:07Z
971;static-eval;< 2.0.0;2;2018-08-06T21:37:06Z
972;npm;>= 3.0.0, <= 3.8.2;3;2018-07-31T22:58:35Z
973;npm;<= 2.15.0;3;2018-07-31T22:58:35Z
974;hawk;< 3.1.3;2;2018-07-31T22:52:00Z
975;whereis;< 0.4.1;3;2018-07-31T18:28:53Z
976;adm-zip;< 0.4.11;3;2018-07-27T17:07:14Z
977;unzipper;< 0.8.13;3;2018-07-27T17:06:50Z
978;serve;< 6.5.2;3;2018-07-27T17:06:03Z
979;mathjax;< 2.7.4;3;2018-07-27T17:05:27Z
980;bracket-template;<= 1.1.5;2;2018-07-27T17:05:06Z
981;markdown-pdf;< 9.0.0;3;2018-07-27T17:03:46Z
982;https-proxy-agent;< 2.2.0;3;2018-07-27T17:04:52Z
983;jquery-ui;< 1.12.0;3;2018-07-27T14:47:52Z
985;passport-azure-ad;>= 1.0.0, < 1.4.6;4;2018-07-26T15:53:31Z
986;simplehttpserver;< 0.1.0;3;2018-07-26T15:03:30Z
987;angular-http-server;<= 1.4.3;3;2018-07-26T14:47:40Z
988;f2e-server;<= 1.12.11;3;2018-07-24T16:29:12Z
989;pg;>= 7.1.0, < 7.1.2;3;2018-07-24T19:44:42Z
990;pg;>= 7.0.0, < 7.0.2;3;2018-07-24T19:44:42Z
991;pg;>= 6.4.0, < 6.4.2;3;2018-07-24T19:44:42Z
992;pg;>= 6.3.0, < 6.3.3;3;2018-07-24T19:44:42Z
993;pg;>= 6.2.0, < 6.2.5;3;2018-07-24T19:44:42Z
994;pg;>= 6.1.0, < 6.1.6;3;2018-07-24T19:44:42Z
995;pg;>= 6.0.0, < 6.0.5;3;2018-07-24T19:44:42Z
996;pg;>= 5.0.0, < 5.2.1;3;2018-07-24T19:44:42Z
997;pg;>= 4.0.0, < 4.5.7;3;2018-07-24T19:44:42Z
998;pg;>= 3.0.0, < 3.6.4;3;2018-07-24T19:44:42Z
999;pg;< 2.11.2;3;2018-07-24T19:44:42Z
1000;pooledwebsocket;< 0.0.19;3;2018-07-24T00:20:57Z
1001;content;< 3.0.7;3;2018-07-24T19:55:05Z
1002;fresh;< 0.5.2;3;2018-07-24T20:16:57Z
1003;forwarded;< 0.1.2;3;2018-07-24T20:16:30Z
1004;method-override;>= 2.0.0, < 2.3.10;3;2018-07-24T20:06:04Z
1006;electron;>= 1.7.0, < 1.7.8;3;2018-07-24T20:04:23Z
1007;electron;< 1.6.14;3;2018-07-24T20:04:23Z
1008;mime;< 1.4.1;2;2018-07-20T16:20:52Z
1009;crud-file-server;< 0.9.0;3;2018-07-18T21:20:19Z
1010;stattic;< 0.3.0;3;2018-07-18T21:20:15Z
1011;serve;< 7.0.0;3;2018-07-18T18:33:15Z
1014;growl;< 1.10.0;4;2018-06-08T12:43:43Z
1015;pdfinfojs;< 0.4.1;3;2018-06-07T19:43:00Z
1016;@ckeditor/ckeditor5-link;>= 0.3.0, < 10.0.1;3;2018-05-23T20:37:46Z
1017;hoek;< 4.2.1;2;2018-04-26T15:25:17Z
1018;electron;>= 2.0, < 2.0.0-beta.3;3;2018-03-26T16:41:17Z
1019;electron;>= 1.8, < 1.8.3;3;2018-03-26T16:41:17Z
1020;electron;>= 1.7, < 1.7.12;3;2018-03-26T16:41:17Z
1021;tiny-json-http;>= 1.0.1, < 7.0.0;3;2018-03-13T20:42:00Z
1022;pym.js;>= 0.4.2, <= 1.3.1;3;2018-03-13T20:38:51Z
1023;ssri;< 5.2.2;2;2018-03-07T22:22:20Z
1024;electron;< 1.8.2-beta5;2;2018-03-26T16:41:20Z
1025;auth0-js;< 9.3.0;2;2018-03-07T22:22:24Z
1026;insight-api;<= 5.0.0;1;2018-03-05T19:33:54Z
1027;moment;< 2.19.3;1;2018-03-05T18:35:09Z
1028;aws-lambda-multipart-parser;< 0.1.2;2;2018-03-05T19:16:56Z
1029;jquery;> 2.1.0, < 3.0.0;2;2018-01-22T13:32:42Z
1030;next;>= 1.0.0, < 4.2.3;3;2018-01-24T19:38:52Z
1031;next;>= 1.0.0, < 2.4.1;3;2017-12-05T02:04:14Z
1032;brace-expansion;< 1.1.7;2;2018-01-29T15:50:46Z
1033;jquery;< 3.0.0;3;2018-01-22T13:32:06Z
1034;marked;< 0.3.7;2;2018-01-04T21:04:19Z
1035;marked;< 0.3.9;2;2018-01-04T21:04:09Z
1036;samlify;< 2.3.0;3;2018-01-04T21:03:33Z
1037;passport-wsfed-saml2;< 3.0.5;3;2017-12-28T22:51:45Z
1038;mqtt;>= 2.0.0, < 2.15.0;2;2017-12-28T22:51:58Z
1039;ecstatic;< 2.0.0;2;2017-12-28T22:52:47Z
1040;auth0-js;< 8.12.0;3;2017-12-21T00:47:20Z
1041;mathjs;< 3.17.0;4;2017-12-18T22:27:53Z
1042;mathjs;< 3.17.0;4;2017-12-18T22:27:45Z
1043;ejs;< 2.5.3;3;2017-11-30T23:15:19Z
1044;ejs;< 2.5.5;3;2018-03-05T18:54:33Z
1045;ejs;< 2.5.5;2;2017-11-30T23:15:05Z
1046;keystone;< 4.0.0-beta.7;3;2017-11-30T23:14:47Z
1047;printer;<= 0.0.1;4;2017-11-28T22:44:52Z
1048;codem-transcode;< 0.5.0;4;2017-11-28T22:20:17Z
1049;keystone;< 4.0.0-beta7;2;2017-11-16T01:47:02Z
1050;keystone;< 4.0.0-beta7;2;2017-11-16T01:46:50Z
1051;keycloak-js;>= 2.5, < 3.1.0;3;2017-11-15T20:41:51Z
1052;keycloak-connect;>= 2.5, < 3.1.0;3;2017-11-15T20:41:51Z
1053;jquery-ui;>= 1.7.0, < 1.10.0;2;2017-10-24T18:33:38Z
1054;jquery-ui;< 1.1.0;2;2017-10-24T18:33:37Z
1055;js-yaml;< 2.0.5;4;2017-10-24T18:33:37Z
1056;validator;< 1.1.0;2;2017-10-24T18:33:36Z
1057;validator;< 1.1.0;2;2017-10-24T18:33:36Z
1058;validator;< 1.1.0;2;2017-10-24T18:33:36Z
1059;validator;< 1.1.0;4;2017-10-24T18:33:36Z
1060;hapi;>= 2.0.0, < 2.2.0;3;2017-10-24T18:33:36Z
1061;send;< 0.8.4;1;2017-10-24T18:33:36Z
1062;qs;< 1.0.0;3;2017-10-24T18:33:36Z
1063;syntax-error;< 1.1.1;1;2017-10-24T18:33:36Z
1064;crumb;< 3.0.0;2;2017-10-24T18:33:36Z
1065;bassmaster;< 1.5.2;4;2017-10-24T18:33:36Z
1066;dns-sync;< 0.1.1;4;2017-10-24T18:33:36Z
1067;validator;< 2.0.0;2;2017-10-24T18:33:36Z
1068;sequelize;< 2.0.0-rc8;4;2017-10-24T18:33:36Z
1069;marked;< 0.3.3;2;2017-10-24T18:33:36Z
1070;geddy;< 13.0.8;3;2017-10-24T18:33:36Z
1071;ember;>= 2.2.0, < 2.2.1;2;2017-10-24T18:33:36Z
1072;ember;>= 2.1.0, < 2.1.2;2;2017-10-24T18:33:36Z
1073;ember;>= 2.0.0, < 2.0.3;2;2017-10-24T18:33:36Z
1074;ember;>= 1.13.0, < 1.13.12;2;2017-10-24T18:33:36Z
1075;ember;>= 1.12.0, < 1.12.2;2;2017-10-24T18:33:36Z
1076;ember;>= 1.8.0, < 1.11.4;2;2017-10-24T18:33:36Z
1077;ms;< 0.7.1;2;2017-10-24T18:33:36Z
1078;marked;< 0.3.4;3;2017-10-24T18:33:36Z
1079;semver;< 4.3.2;2;2017-10-24T18:33:36Z
1080;serve-index;< 1.6.3;2;2017-10-24T18:33:36Z
1081;uglify-js;< 2.4.24;1;2017-10-24T18:33:36Z
1082;uglify-js;< 2.6.0;1;2017-10-24T18:33:36Z
1083;send;< 0.11.1;1;2017-10-24T18:33:36Z
1084;tar;< 2.0.0;4;2017-10-24T18:33:36Z
1085;handlebars;< 4.0.0;2;2017-10-24T18:33:36Z
1086;mustache;< 2.2.1;3;2017-10-24T18:33:36Z
1087;electron;< 0.33.5;3;2017-10-24T18:33:35Z
1088;moment;< 2.11.2;2;2017-10-24T18:33:35Z
1089;jquery-ui;< 1.12.0;3;2017-10-24T18:33:35Z
1090;plotly.js;< 1.16.0;2;2017-10-24T18:33:35Z